{"SwinUNETR": {"DSC": {"0": 93.64285714285717, "1": [93.65], "2": [93.52142857142857], "5": [92.69285714285715], "10": [90.5]}, "HD95": {"0": 3.321928571428572, "1": [3.3739285714285714], "2": [3.426857142857143], "5": [3.7405000000000004], "10": [4.739857142857143]}, "ASD": {"0": 0.935, "1": [0.9367142857142856], "2": [0.9572142857142857], "5": [1.0869285714285715], "10": [1.4081428571428571]}, "NSD": {"0": 0.8477857142857143, "1": [0.8487142857142855], "2": [0.8452142857142856], "5": [0.8062142857142858], "10": [0.7022142857142857]}}, "AttentionUnet": {"DSC": {"0": 93.65714285714286, "1": [93.64285714285717], "2": [93.51428571428573], "5": [92.53571428571428], "10": [90.07142857142857]}, "HD95": {"0": 3.118642857142857, "1": [3.083357142857143], "2": [3.0785714285714287], "5": [3.4131428571428573], "10": [4.470071428571429]}, "ASD": {"0": 0.9310714285714285, "1": [0.9322857142857144], "2": [0.9557142857142858], "5": [1.112142857142857], "10": [1.4950714285714288]}, "NSD": {"0": 0.8524999999999999, "1": [0.8523571428571429], "2": [0.8457142857142856], "5": [0.7952142857142858], "10": [0.6745714285714286]}}, "TwoDPermuteConcat": {"DSC": {"0": 93.05000000000001, "1": [93.07142857142858], "2": [92.99285714285715], "5": [92.14285714285714], "10": [89.97857142857141]}, "HD95": {"0": 3.726785714285714, "1": [3.7200000000000006], "2": [3.7495], "5": [4.023785714285714], "10": [4.935142857142857]}, "ASD": {"0": 1.0152857142857141, "1": [1.0170714285714284], "2": [1.0277142857142856], "5": [1.1567142857142858], "10": [1.491142857142857]}, "NSD": {"0": 0.8342142857142857, "1": [0.8341428571428572], "2": [0.8302857142857142], "5": [0.7848571428571428], "10": [0.6703571428571428]}}, "UNet": {"DSC": {"0": 93.36428571428573, "1": [93.28571428571428], "2": [93.08571428571429], "5": [92.02857142857141], "10": [89.59285714285714]}, "HD95": {"0": 3.3155000000000006, "1": [3.2082857142857146], "2": [3.2512142857142856], "5": [3.6609285714285713], "10": [4.746071428571429]}, "ASD": {"0": 0.9523571428571428, "1": [0.9597142857142859], "2": [0.9815714285714287], "5": [1.1304285714285713], "10": [1.5032142857142856]}, "NSD": {"0": 0.845, "1": [0.8410714285714285], "2": [0.8323571428571429], "5": [0.7759285714285715], "10": [0.6571428571428571]}}, "MultiScale2DPermuteConcat": {"DSC": {"0": 92.78571428571429, "1": [92.69285714285714], "2": [92.56428571428573], "5": [91.94285714285712], "10": [90.29285714285714]}, "HD95": {"0": 3.6383571428571435, "1": [3.680142857142857], "2": [3.7017857142857142], "5": [3.74], "10": [4.645071428571428]}, "ASD": {"0": 1.1127142857142855, "1": [1.1260000000000001], "2": [1.144785714285714], "5": [1.2429285714285714], "10": [1.4940714285714287]}, "NSD": {"0": 0.8065714285714285, "1": [0.802], "2": [0.7966428571428571], "5": [0.7645714285714286], "10": [0.6935714285714285]}}, "UNETR": {"DSC": {"0": 92.3857142857143, "1": [92.35714285714285], "2": [92.24285714285713], "5": [91.37857142857143], "10": [89.17142857142858]}, "HD95": {"0": 3.9565000000000006, "1": [3.9934285714285718], "2": [4.025714285714286], "5": [4.394357142857143], "10": [5.640857142857143]}, "ASD": {"0": 1.1619285714285714, "1": [1.167357142857143], "2": [1.1854285714285715], "5": [1.3285714285714285], "10": [1.707142857142857]}, "NSD": {"0": 0.8021428571428573, "1": [0.7996428571428572], "2": [0.7937142857142857], "5": [0.7517857142857144], "10": [0.6607142857142857]}}, "TLPredictor": {"DSC": {"0": 90.42857142857143, "1": [90.38571428571429], "2": [90.22142857142856], "5": [89.45714285714287], "10": [87.8]}, "HD95": {"0": 4.276428571428572, "1": [4.515928571428572], "2": [4.544142857142857], "5": [4.746142857142857], "10": [5.4853571428571435]}, "ASD": {"0": 1.4087142857142858, "1": [1.4394285714285713], "2": [1.4587142857142856], "5": [1.5657857142857143], "10": [1.8382142857142858]}, "NSD": {"0": 0.7283571428571428, "1": [0.7221428571428571], "2": [0.7135000000000001], "5": [0.6766428571428571], "10": [0.5993571428571429]}}, "OneDConcat": {"DSC": {"0": 89.65714285714287, "1": [89.72142857142858], "2": [89.66428571428573], "5": [89.12857142857143], "10": [87.47142857142858]}, "HD95": {"0": 4.858, "1": [4.822357142857143], "2": [4.98307142857143], "5": [5.177285714285714], "10": [5.861142857142856]}, "ASD": {"0": 1.5696428571428571, "1": [1.5655000000000001], "2": [1.587142857142857], "5": [1.6877142857142857], "10": [1.9906428571428576]}, "NSD": {"0": 0.6697857142857143, "1": [0.6702142857142857], "2": [0.6684285714285714], "5": [0.6427857142857144], "10": [0.5743571428571428]}}}