{"SwinUNETR": {"DSC": {"0": 85.77611940298507, "1": [85.64179104477613], "2": [85.04477611940298], "5": [82.70149253731343], "10": [78.64179104477613]}, "HD95": {"0": 2.5519402985074624, "1": [2.5768656716417913], "2": [2.609253731343284], "5": [2.973731343283583], "10": [3.735373134328358]}, "ASD": {"0": 0.8129850746268656, "1": [0.8225373134328359], "2": [0.8494029850746269], "5": [0.9759701492537314], "10": [1.2114925373134326]}, "NSD": {"0": 0.5376119402985076, "1": [0.5343283582089552], "2": [0.52], "5": [0.46835820895522384], "10": [0.4159701492537313]}}, "AttentionUnet": {"DSC": {"0": 85.02985074626864, "1": [84.94029850746269], "2": [84.59701492537313], "5": [82.88059701492537], "10": [79.23880597014926]}, "HD95": {"0": 2.595373134328358, "1": [2.6029850746268655], "2": [2.620447761194029], "5": [2.8900000000000006], "10": [3.4586567164179107]}, "ASD": {"0": 0.7758208955223881, "1": [0.7822388059701492], "2": [0.8001492537313433], "5": [0.8882089552238807], "10": [1.112686567164179]}, "NSD": {"0": 0.5210447761194029, "1": [0.5179104477611941], "2": [0.5085074626865672], "5": [0.47208955223880594], "10": [0.42029850746268654]}}, "TwoDPermuteConcat": {"DSC": {"0": 84.74626865671641, "1": [84.49253731343283], "2": [83.91044776119404], "5": [81.25373134328358], "10": [76.49253731343283]}, "HD95": {"0": 2.6892537313432836, "1": [2.7155223880597017], "2": [2.766119402985075], "5": [3.1705970149253733], "10": [3.9234328358208956]}, "ASD": {"0": 0.813134328358209, "1": [0.8285074626865674], "2": [0.855223880597015], "5": [0.9811940298507464], "10": [1.2282089552238804]}, "NSD": {"0": 0.49104477611940295, "1": [0.4832835820895522], "2": [0.4702985074626866], "5": [0.42567164179104483], "10": [0.36865671641791037]}}, "UNet": {"DSC": {"0": 84.44776119402985, "1": [84.25373134328359], "2": [83.97014925373134], "5": [82.0], "10": [78.6865671641791]}, "HD95": {"0": 3.1626865671641786, "1": [3.165223880597015], "2": [3.192238805970149], "5": [3.3883582089552235], "10": [3.937462686567164]}, "ASD": {"0": 0.8792537313432836, "1": [0.8879104477611941], "2": [0.9097014925373134], "5": [1.0171641791044777], "10": [1.235223880597015]}, "NSD": {"0": 0.47552238805970154, "1": [0.47268656716417917], "2": [0.46134328358208954], "5": [0.41910447761194025], "10": [0.37402985074626866]}}, "MultiScale2DPermuteConcat": {"DSC": {"0": 84.47761194029853, "1": [84.44776119402985], "2": [84.34328358208954], "5": [83.86567164179105], "10": [83.16417910447763]}, "HD95": {"0": 2.9808955223880598, "1": [2.985671641791045], "2": [2.9843283582089555], "5": [3.042537313432836], "10": [3.1370149253731343]}, "ASD": {"0": 0.8388059701492536, "1": [0.8404477611940299], "2": [0.8471641791044776], "5": [0.8735820895522388], "10": [0.9271641791044777]}, "NSD": {"0": 0.49522388059701483, "1": [0.4926865671641791], "2": [0.4892537313432835], "5": [0.4788059701492537], "10": [0.46313432835820895]}}, "UNETR": {"DSC": {"0": 82.26865671641791, "1": [82.07462686567165], "2": [81.64179104477613], "5": [79.38805970149254], "10": [76.25373134328358]}, "HD95": {"0": 3.352537313432836, "1": [3.370597014925374], "2": [3.41089552238806], "5": [3.687462686567164], "10": [4.280447761194029]}, "ASD": {"0": 0.9719402985074626, "1": [0.983731343283582], "2": [1.013134328358209], "5": [1.1373134328358212], "10": [1.3402985074626865]}, "NSD": {"0": 0.44149253731343285, "1": [0.4373134328358209], "2": [0.4282089552238806], "5": [0.38805970149253727], "10": [0.3482089552238807]}}, "TLPredictor": {"DSC": {"0": 79.32835820895522, "1": [79.19402985074626], "2": [79.07462686567163], "5": [77.99999999999999], "10": [75.80597014925374]}, "HD95": {"0": 3.8692537313432838, "1": [3.90223880597015], "2": [3.927910447761194], "5": [4.084925373134329], "10": [4.567611940298508]}, "ASD": {"0": 1.1167164179104476, "1": [1.1219402985074627], "2": [1.136865671641791], "5": [1.1862686567164182], "10": [1.294776119402985]}, "NSD": {"0": 0.3759701492537313, "1": [0.3732835820895522], "2": [0.36805970149253725], "5": [0.35194029850746267], "10": [0.32044776119402985]}}, "OneDConcat": {"DSC": {"0": 78.8507462686567, "1": [78.6865671641791], "2": [78.49253731343285], "5": [77.19402985074628], "10": [74.91044776119404]}, "HD95": {"0": 3.6702985074626864, "1": [3.672835820895523], "2": [3.6941791044776124], "5": [3.8204477611940297], "10": [4.280149253731344]}, "ASD": {"0": 1.1138805970149253, "1": [1.1213432835820898], "2": [1.1343283582089552], "5": [1.2000000000000002], "10": [1.3368656716417913]}, "NSD": {"0": 0.37044776119402983, "1": [0.3667164179104478], "2": [0.3622388059701492], "5": [0.3402985074626866], "10": [0.3117910447761194]}}}