{"SwinUNETR": {"DSC": {"0": 54.054794520547944, "1": [53.19178082191781], "2": [50.41095890410959], "5": [37.13698630136986], "10": [21.383561643835613]}, "HD95": {"0": 6.167397260273972, "1": [6.287808219178082], "2": [6.3501369863013695], "5": [6.9415068493150685], "10": [7.60027397260274]}, "ASD": {"0": 0.9041095890410961, "1": [0.9283561643835616], "2": [0.9865753424657534], "5": [1.3412328767123287], "10": [2.051643835616438]}, "NSD": {"0": 0.49205479452054796, "1": [0.4828767123287671], "2": [0.45726027397260277], "5": [0.36000000000000004], "10": [0.256027397260274]}}, "AttentionUnet": {"DSC": {"0": 53.34246575342466, "1": [52.53424657534246], "2": [50.7945205479452], "5": [42.54794520547945], "10": [32.23287671232877]}, "HD95": {"0": 4.153835616438356, "1": [4.175753424657535], "2": [4.334520547945206], "5": [4.853424657534247], "10": [5.8771232876712345]}, "ASD": {"0": 0.9275342465753426, "1": [0.9439726027397259], "2": [0.9867123287671233], "5": [1.1898630136986303], "10": [1.6175342465753424]}, "NSD": {"0": 0.5191780821917809, "1": [0.5115068493150684], "2": [0.4949315068493151], "5": [0.4331506849315068], "10": [0.35712328767123286]}}, "TwoDPermuteConcat": {"DSC": {"0": 50.9041095890411, "1": [50.75342465753424], "2": [49.98630136986301], "5": [45.904109589041106], "10": [37.76712328767124]}, "HD95": {"0": 4.557123287671233, "1": [4.581095890410959], "2": [4.704657534246575], "5": [4.932191780821918], "10": [6.131643835616439]}, "ASD": {"0": 1.0986301369863016, "1": [1.1112328767123287], "2": [1.1134246575342466], "5": [1.2367123287671233], "10": [1.6154794520547946]}, "NSD": {"0": 0.49000000000000005, "1": [0.4889041095890412], "2": [0.48301369863013693], "5": [0.45246575342465767], "10": [0.3954794520547945]}}, "UNet": {"DSC": {"0": 49.09589041095892, "1": [48.75342465753424], "2": [47.6027397260274], "5": [40.61643835616438], "10": [29.465753424657535]}, "HD95": {"0": 4.864109589041097, "1": [4.8839726027397266], "2": [4.9542465753424665], "5": [5.382739726027396], "10": [6.487397260273974]}, "ASD": {"0": 1.352739726027397, "1": [1.3461643835616437], "2": [1.3683561643835618], "5": [1.5501369863013696], "10": [2.0563013698630135]}, "NSD": {"0": 0.47780821917808225, "1": [0.47356164383561644], "2": [0.463013698630137], "5": [0.41164383561643836], "10": [0.34178082191780823]}}, "MultiScale2DPermuteConcat": {"DSC": {"0": 49.23287671232877, "1": [49.150684931506845], "2": [48.76712328767123], "5": [46.534246575342465], "10": [42.410958904109584]}, "HD95": {"0": 7.288082191780823, "1": [7.266438356164384], "2": [7.289178082191781], "5": [7.362739726027398], "10": [7.887123287671234]}, "ASD": {"0": 1.119178082191781, "1": [1.120958904109589], "2": [1.1350684931506851], "5": [1.199178082191781], "10": [1.3616438356164384]}, "NSD": {"0": 0.4709589041095892, "1": [0.4704109589041096], "2": [0.46821917808219177], "5": [0.4538356164383561], "10": [0.42383561643835616]}}, "UNETR": {"DSC": {"0": 40.31506849315068, "1": [39.97260273972603], "2": [39.24657534246575], "5": [35.136986301369866], "10": [26.79452054794521]}, "HD95": {"0": 7.095616438356164, "1": [7.02041095890411], "2": [7.184383561643836], "5": [7.572054794520548], "10": [8.277671232876713]}, "ASD": {"0": 1.6221917808219177, "1": [1.6208219178082193], "2": [1.6383561643835618], "5": [1.7834246575342465], "10": [2.206301369863014]}, "NSD": {"0": 0.39410958904109594, "1": [0.3908219178082192], "2": [0.38575342465753426], "5": [0.3594520547945205], "10": [0.3043835616438357]}}, "TLPredictor": {"DSC": {"0": 29.15068493150685, "1": [28.98630136986301], "2": [28.671232876712327], "5": [26.91780821917808], "10": [22.84931506849315]}, "HD95": {"0": 7.6702739726027405, "1": [7.6394520547945195], "2": [7.6347945205479455], "5": [7.957397260273972], "10": [8.96109589041096]}, "ASD": {"0": 2.215342465753425, "1": [2.2072602739726026], "2": [2.208767123287671], "5": [2.2995890410958904], "10": [2.478356164383561]}, "NSD": {"0": 0.30876712328767125, "1": [0.30780821917808215], "2": [0.3057534246575342], "5": [0.2924657534246575], "10": [0.2615068493150685]}}, "OneDConcat": {"DSC": {"0": 27.219178082191785, "1": [27.19178082191781], "2": [27.04109589041096], "5": [26.35616438356164], "10": [24.424657534246577]}, "HD95": {"0": 16.981232876712326, "1": [16.9927397260274], "2": [17.005342465753426], "5": [17.086301369863012], "10": [17.213561643835614]}, "ASD": {"0": 2.596027397260274, "1": [2.5979452054794527], "2": [2.604657534246575], "5": [2.642876712328767], "10": [2.7569863013698632]}, "NSD": {"0": 0.2836986301369863, "1": [0.2834246575342466], "2": [0.2821917808219178], "5": [0.279041095890411], "10": [0.2638356164383561]}}}