{"SwinUNETR": {"DSC": {"0": 83.59336099585062, "1": [83.50724637681161], "2": [83.43478260869566], "5": [83.24637681159422], "10": [82.3913043478261]}, "HD95": {"0": 2.558298755186722, "1": [2.7601449275362318], "2": [2.726521739130434], "5": [2.7314492753623183], "10": [2.84768115942029]}, "ASD": {"0": 0.8017012448132779, "1": [0.836376811594203], "2": [0.8315942028985507], "5": [0.8405797101449274], "10": [0.8776811594202899]}, "NSD": {"0": 0.8623236514522822, "1": [0.8405797101449275], "2": [0.8392753623188405], "5": [0.8347826086956522], "10": [0.8233333333333335]}}, "AttentionUnet": {"DSC": {"0": 83.65975103734439, "1": [83.328125], "2": [83.375], "5": [83.203125], "10": [82.6875]}, "HD95": {"0": 2.429253112033195, "1": [2.7014062500000002], "2": [2.6678125], "5": [2.6623437500000002], "10": [2.721875]}, "ASD": {"0": 0.7354771784232366, "1": [0.79984375], "2": [0.79484375], "5": [0.79046875], "10": [0.8190625]}, "NSD": {"0": 0.8545643153526971, "1": [0.8303125], "2": [0.8303125], "5": [0.8271875], "10": [0.81734375]}}, "TwoDPermuteConcat": {"DSC": {"0": 83.62240663900415}, "HD95": {"0": 2.3464730290456433}, "ASD": {"0": 0.7228215767634855}, "NSD": {"0": 0.8540663900414938}}, "UNet": {"DSC": {"0": 82.1701244813278, "1": [82.671875], "2": [82.578125], "5": [82.3125], "10": [81.9375]}, "HD95": {"0": 2.6114107883817432, "1": [2.75], "2": [2.7600000000000002], "5": [2.801875], "10": [2.8175]}, "ASD": {"0": 0.8314522821576763, "1": [0.81375], "2": [0.8167187499999999], "5": [0.8315625], "10": [0.8509374999999999]}, "NSD": {"0": 0.8249377593360996, "1": [0.8065624999999998], "2": [0.8057812499999999], "5": [0.8001562500000001], "10": [0.7909375]}}, "MultiScale2DPermuteConcat": {"DSC": {"0": 81.85477178423236, "1": [81.9375], "2": [81.984375], "5": [81.953125], "10": [81.890625]}, "HD95": {"0": 2.7427800829875517, "1": [3.13671875], "2": [3.0809375], "5": [3.0768750000000002], "10": [3.02203125]}, "ASD": {"0": 0.7798340248962655, "1": [0.8056249999999999], "2": [0.80375], "5": [0.8071875000000001], "10": [0.8150000000000001]}, "NSD": {"0": 0.8182987551867219, "1": [0.7943749999999999], "2": [0.794375], "5": [0.7926562500000001], "10": [0.790625]}}, "UNETR": {"DSC": {"0": 81.83817427385893, "1": [82.26086956521739], "2": [82.24637681159422], "5": [82.10144927536231], "10": [81.49275362318842]}, "HD95": {"0": 2.6800414937759336, "1": [2.7563768115942024], "2": [2.746521739130434], "5": [2.7630434782608693], "10": [2.8768115942028984]}, "ASD": {"0": 0.8147302904564316, "1": [0.8472463768115942], "2": [0.8442028985507247], "5": [0.85768115942029], "10": [0.8934782608695652]}, "NSD": {"0": 0.8295435684647302, "1": [0.8215942028985507], "2": [0.8217391304347825], "5": [0.8178260869565217], "10": [0.8066666666666668]}}, "TLPredictor": {"DSC": {"0": 79.19502074688796, "1": [80.2898550724638], "2": [80.33333333333334], "5": [80.27536231884059], "10": [80.01449275362317]}, "HD95": {"0": 2.996016597510374, "1": [2.9646376811594206], "2": [2.9508695652173915], "5": [2.953478260869566], "10": [3.0482608695652176]}, "ASD": {"0": 0.991825726141079, "1": [0.9617391304347824], "2": [0.9572463768115942], "5": [0.9585507246376812], "10": [0.9760869565217393]}, "NSD": {"0": 0.7625726141078837, "1": [0.7653623188405797], "2": [0.7665217391304348], "5": [0.7643478260869565], "10": [0.7528985507246375]}}, "OneDConcat": {"DSC": {"0": 80.91701244813278, "1": [81.078125], "2": [81.109375], "5": [81.0], "10": [80.79687499999999]}, "HD95": {"0": 2.7592946058091288, "1": [2.9718750000000003], "2": [2.9831250000000002], "5": [2.96171875], "10": [2.96375]}, "ASD": {"0": 0.833070539419087, "1": [0.8775000000000001], "2": [0.87765625], "5": [0.8834374999999999], "10": [0.9064062500000001]}, "NSD": {"0": 0.7972614107883818, "1": [0.771875], "2": [0.771875], "5": [0.77234375], "10": [0.7709375]}}}