{"UNETR": 0.8226865671641791, "AttentionUnet": 0.8553731343283583, "UNet": 0.8446268656716418, "MultiScale2DPermuteConcat": 0.8447761194029852, "TwoDPermuteConcat": 0.8474626865671642, "OneDConcat": 0.7885074626865671, "TLPredictor": 0.7231578947368421}