{"UNETR": 0.7240776699029128, "AttentionUnet": 0.7522330097087377, "UNet": 0.739611650485437, "MultiScale2DPermuteConcat": 0.7382524271844659, "TwoDPermuteConcat": 0.7549514563106796, "OneDConcat": 0.6552427184466018}