{"UNETR": 0.7581818181818182, "AttentionUnet": 0.7863636363636363, "UNet": 0.7793181818181819, "MultiScale2DPermuteConcat": 0.7347727272727272, "TwoDPermuteConcat": 0.7952272727272726, "OneDConcat": 0.6038636363636365}