{"SwinUNETR": 0.734181818181818, "AttentionUnet": 0.7322727272727274, "TwoDPermuteConcat": 0.7277272727272728, "UNet": 0.6980000000000001, "MultiScale2DPermuteConcat": 0.7082727272727273, "UNETR": 0.7139090909090909, "OneDConcat": 0.6934545454545454}