{"SwinUNETR": 0.7471428571428572, "AttentionUnet": 0.7214285714285714, "TwoDPermuteConcat": 0.6992857142857142, "UNet": 0.7264285714285714, "MultiScale2DPermuteConcat": 0.6878571428571431, "UNETR": 0.6978571428571428, "TLPredictor": 0.6707142857142857, "OneDConcat": 0.6735714285714286}