{"SwinUNETR": 0.7768181818181816, "AttentionUnet": 0.7863636363636363, "TwoDPermuteConcat": 0.7952272727272726, "UNet": 0.7793181818181819, "MultiScale2DPermuteConcat": 0.7347727272727272, "UNETR": 0.7581818181818182, "TLPredictor": 0.6100000000000001, "OneDConcat": 0.6038636363636365}