{"SwinUNETR": 0.7603883495145631, "AttentionUnet": 0.7522330097087377, "TwoDPermuteConcat": 0.7549514563106796, "UNet": 0.739611650485437, "MultiScale2DPermuteConcat": 0.7382524271844659, "UNETR": 0.7240776699029128, "OneDConcat": 0.6552427184466018}