{"SwinUNETR": 0.8577611940298507, "AttentionUnet": 0.8502985074626864, "TwoDPermuteConcat": 0.8474626865671642, "UNet": 0.8444776119402985, "MultiScale2DPermuteConcat": 0.8447761194029852, "UNETR": 0.8226865671641791, "TLPredictor": 0.7932835820895522, "OneDConcat": 0.7885074626865671}