{"SwinUNETR": 0.8359336099585062, "AttentionUnet": 0.836597510373444, "TwoDPermuteConcat": 0.8362240663900415, "UNet": 0.821701244813278, "MultiScale2DPermuteConcat": 0.8185477178423236, "UNETR": 0.8183817427385892, "TLPredictor": 0.7919502074688796, "OneDConcat": 0.8091701244813277}